<?xml version="1.0" encoding="UTF-8"?>
<project-private xmlns="http://www.netbeans.org/ns/project-private/1">
    <editor-bookmarks xmlns="http://www.netbeans.org/ns/editor-bookmarks/2" lastBookmarkId="0"/>
    <open-files xmlns="http://www.netbeans.org/ns/projectui-open-files/2">
        <group>
            <file>file:/D:/Users/Carlos%20Gil%20Sabrido/Documents/GitHub/PL2029/TraductorPascalC/src/traductorpascalc/TraductorPascalC.java</file>
            <file>file:/D:/Users/Carlos%20Gil%20Sabrido/Documents/GitHub/PL2029/TraductorPascalC/src/traductorpascalc/lexico.flex</file>
            <file>file:/D:/Users/Carlos%20Gil%20Sabrido/Documents/GitHub/PL2029/TraductorPascalC/src/traductorpascalc/sintactico.cup</file>
            <file>file:/D:/Users/Carlos%20Gil%20Sabrido/Documents/GitHub/PL2029/TraductorPascalC/src/traductorpascalc/AnalizadorLexico.java</file>
            <file>file:/D:/Users/Carlos%20Gil%20Sabrido/Documents/GitHub/PL2029/TraductorPascalC/src/traductorpascalc/Analizador.java</file>
        </group>
    </open-files>
</project-private>
